{
  "title": "Recipe Puppy",
  "version": 0.1,
  "href": "http://www.recipepuppy.com/",
  "results": [
    {
      "title": "Our Daily Bread in a Crock - Weekly Make and Bake Rustic Bread",
      "href": "http://www.recipezaar.com/Our-Daily-Bread-in-a-Crock-Weekly-Make-and-Bake-Rustic-Bread-340621",
      "ingredients": "yeast, sea salt, water, bread flour",
      "thumbnail": "http://img.recipepuppy.com/33951.jpg"
    },
    {
      "title": "Essene Bread (Raw Sprouted Bread)",
      "href": "http://www.recipezaar.com/Essene-Bread-Raw-Sprouted-Bread-324437",
      "ingredients": "flax seed, berries, sea salt, berries",
      "thumbnail": "http://img.recipepuppy.com/547688.jpg"
    },
    {
      "title": "Farmhouse White Multi-Grain Cheese Bread - Bread Machine",
      "href": "http://www.recipezaar.com/Farmhouse-White-Multi-Grain-Cheese-Bread-Bread-Machine-192012",
      "ingredients": "yeast, flour, powdered milk, olive oil, parmesan cheese, salt, brown sugar, water, bread flour",
      "thumbnail": "http://img.recipepuppy.com/555417.jpg"
    },
    {
      "title": "Small Ultra-Light Healthy French Bread Loaf (Abm) Bread Machine",
      "href": "http://www.recipezaar.com/Small-Ultra-Light-Healthy-French-Bread-Loaf-Abm-Bread-Machine-127249",
      "ingredients": "yeast, margarine, salt, flour, water",
      "thumbnail": "http://img.recipepuppy.com/220827.jpg"
    },
    {
      "title": "Dark Rye (Pumpernickel) Bread for the Bread Machine.",
      "href": "http://www.recipezaar.com/Dark-Rye-Pumpernickel-Bread-for-the-Bread-Machine-302506",
      "ingredients": "yeast, bread flour, caraway seed, cocoa powder, molasses, powdered milk, bread flour, salt, vegetable oil, wheat, water, flour",
      "thumbnail": "http://img.recipepuppy.com/356839.jpg"
    },
    {
      "title": "Rustic Spinach Feta And Smoked Sun Dried Tomatoes Bread Recipe",
      "href": "http://www.grouprecipes.com/86730/rustic-spinach-feta-and-smoked-sun-dried-tomatoes.html",
      "ingredients": "flour, loaves, cracked black pepper, feta cheese, water, red pepper flakes, sea salt, sun dried tomato, sugar, yeast",
      "thumbnail": "http://img.recipepuppy.com/413436.jpg"
    },
    {
      "title": "Rustic Spinach Feta And Smoked Sun Dried Tomatoes Bread Recipe",
      "href": "http://www.grouprecipes.com/86730/rustic-spinach-feta-and-smoked-sun-dried-tomatoes-bread.html",
      "ingredients": "flour, loaves, cracked black pepper, feta cheese, water, red pepper flakes, sea salt, sun dried tomato, sugar, yeast",
      "thumbnail": "http://img.recipepuppy.com/416277.jpg"
    },
    {
      "title": "Country White Bread or Dinner Rolls (Bread Machine)",
      "href": "http://www.recipezaar.com/Country-White-Bread-or-Dinner-Rolls-Bread-Machine-71373",
      "ingredients": "yeast, bread flour, butter, eggs, salt, shortening, sugar, vegetable oil, water, water",
      "thumbnail": "http://img.recipepuppy.com/34527.jpg"
    },
    {
      "title": "Blue Ribbon White Bread",
      "href": "http://www.recipezaar.com/Blue-Ribbon-White-Bread-162214",
      "ingredients": "bread flour, yeast, milk, salt, shortening, sugar, water",
      "thumbnail": "http://img.recipepuppy.com/178159.jpg"
    },
    {
      "title": "Boston Brown Bread for Bread Machines(1.5 Pounds)",
      "href": "http://www.recipezaar.com/Boston-Brown-Bread-for-Bread-Machines15-Pounds-20682",
      "ingredients": "yeast, bread flour, dijon mustard, dried fig, cloves, soy sauce, water, flour",
      "thumbnail": "http://img.recipepuppy.com/183965.jpg"
    }
  ]
}
